,ScientificName,CommonName,OtherCommonNames,Family,Genus,PlantRange,Foliage,Habit,Hardiness,Sunlight,Aspect,Exposure,Soil,Moisture,pH,UltimateHeight,UltimateSpread,TimeToUltimateHeight,Cultivation,Propagation,SuggestedPlantingLocation,Pruning,Pests,Diseases,ColourInAutumn,ColourInSpring,ColourInSummer,ColourInWinter
0,Cardamine quinquefolia,five-leaved cuckoo flower,,"Family
Brassicaceae","Genus
Cardamine are herbaceous perennials with simple, palmately or pinnately divided leaves and short racemes of 4-petalled white, yellow, pink or purplish flowers in spring or summer","Plant range
E Europe","Foliage
Deciduous","Habit
Clump-forming",H7,"Full Shade
Partial Shade","Aspect
South-facing or North-facing or West-facing or East-facing","Exposure
Sheltered","Chalk
Clay
Loam
Sand","Moisture
Moist but well-drained, Well-drained","pH
Acid, Alkaline, Neutral","Ultimate height
0.1-0.5 metres","Ultimate spread
0.5-1 metres","Time to ultimate height
2-5 years","Cultivation
Grow in partial shade below deciduous trees or shrubs in a border or woodland garden in humus-rich soil; will grow in moist soil and tolerate dry soil","Propagation
Propagate by seed in autumn or spring, or by division in spring","Suggested planting locations and garden types
Flower borders and beds Ground Cover Low Maintenance Underplanting of Roses and Shrubs Cottage & Informal Garden","Pruning
No pruning required","Pests
Generally pest-free, but may be affected by flea beetles and aphids","Diseases
Generally disease-free","['https://www.rhs.org.uk/assets/styles/images/bg/form-icon-foliage-green.png', 'https://www.rhs.org.uk/assets/styles/images/bg/form-icon-flower-pink.png', 'https://www.rhs.org.uk/assets/styles/images/bg/form-icon-flower-purple.png']",['https://www.rhs.org.uk/assets/styles/images/bg/form-icon-foliage-green.png'],[],[]
1,Astelia chathamica,silver spear,,"Family
Asteliaceae","Genus
Astelia are clump-forming, rhizomatous evergreen perennials with arching, linear, keeled, silvery leaves and panicles of small, pale greenish or brown flowers, followed on female plants by orange or red berries","Plant range
New Zealand","Foliage
Evergreen","Habit
Bushy",H3,"Full Sun
Partial Shade","Aspect
West-facing or South-facing or East-facing","Exposure
Sheltered","Clay
Loam","Moisture
Moist but well-drained",pH,"Ultimate height
1-1.5 metres","Ultimate spread
0.5-1 metres","Time to ultimate height
5-10 years","Cultivation
Grown in moist, but reasonably well-drained, fertile, peaty soil in full sun or partial shade and sheltered spot. The foliage can be damaged by frost and prevailing cold winds. It may need winter protection","Propagation
If necessary, divide in spring. Propagate by seed, sow seeds in containers in a cold frame as soon as ripe","Suggested planting locations and garden types
Coastal Architectural City & Courtyard Gardens","Pruning
Remove or trim winter damaged foliage in spring","Pests
Generally trouble free","Diseases
Generally trouble free","['https://www.rhs.org.uk/assets/styles/images/bg/form-icon-foliage-grey.png', 'https://www.rhs.org.uk/assets/styles/images/bg/form-icon-fruit-orange.png', 'https://www.rhs.org.uk/assets/styles/images/bg/form-icon-foliage-silver.png']","['https://www.rhs.org.uk/assets/styles/images/bg/form-icon-foliage-grey.png', 'https://www.rhs.org.uk/assets/styles/images/bg/form-icon-foliage-silver.png']","['https://www.rhs.org.uk/assets/styles/images/bg/form-icon-flower-green.png', 'https://www.rhs.org.uk/assets/styles/images/bg/form-icon-foliage-grey.png', 'https://www.rhs.org.uk/assets/styles/images/bg/form-icon-foliage-silver.png']","['https://www.rhs.org.uk/assets/styles/images/bg/form-icon-foliage-grey.png', 'https://www.rhs.org.uk/assets/styles/images/bg/form-icon-foliage-silver.png']"
2,Elsholtzia stauntonii,mint bush,,"Family
Lamiaceae","Genus
Elsholtzia is a genus with around 40 species of annuals, perennials and semi-evergreen or deciduous shrubs and subshrubs. Known primarily for their aromatic foliage, they also produce slender racemes of tubular flowers.","Plant range
N China","Foliage
Deciduous","Habit
Bushy","Fragrance
Foliage",Full Sun,"Aspect
West-facing or South-facing","Exposure
Sheltered",Loam,"Moisture
Well-drained","pH
Acid, Alkaline, Neutral","Ultimate height
1-1.5 metres","Ultimate spread
1-1.5 metres","Time to ultimate height
2-5 years","Cultivation
Fulll sun and fertile, well-drained soil required. Only half-hardy","Propagation
Propagate by softwood cuttings in summer","Suggested planting locations and garden types
Flower borders and beds Wall-side Borders","Pruning
Cut back old shoots in early spring","Pests
Generally trouble-free","Diseases
Generally trouble-free","['https://www.rhs.org.uk/assets/styles/images/bg/form-icon-flower-purple.png', 'https://www.rhs.org.uk/assets/styles/images/bg/form-icon-foliage-red.png']",['https://www.rhs.org.uk/assets/styles/images/bg/form-icon-foliage-green.png'],"['https://www.rhs.org.uk/assets/styles/images/bg/form-icon-foliage-green.png', 'https://www.rhs.org.uk/assets/styles/images/bg/form-icon-flower-purple.png']",[]
3,Philodendron melanochrysum,black-gold philodendron,,"Family
Araceae","Genus
Philodendron can be shrubs, trees or climbers, with glossy, leathery, evergreen, simple to pinnately divided leaves, and tiny flowers borne within arum-like white, green or reddish spathes","Plant range
Colombia","Foliage
Evergreen","Habit
Climbing","Toxicity
All parts are toxic by ingestion, skin and eye irritant. Wear gloves and other protective equipment when handling",Partial Shade,"Aspect
South-facing or East-facing or West-facing","Exposure
Sheltered",Loam,"Moisture
Moist but well-drained","pH
Acid, Alkaline, Neutral","Ultimate height
2.5-4 metres","Ultimate spread
0.5-1 metres","Time to ultimate height
5-10 years","Cultivation
Grow under glass in humus-rich, well-drained compost and in bright but filtered light . Maintain a minimum winter temperature of 15?C and water moderately, less in low temperatures","Propagation
Propagate by softwood stem tip cuttings or by leaf bud cuttings","Suggested planting locations and garden types
Patio & Container Plants","Pruning
Pruning group 11","Pests
Scale insects and glasshouse red spider mite","Diseases
Generally trouble free",['https://www.rhs.org.uk/assets/styles/images/bg/form-icon-foliage-green.png'],['https://www.rhs.org.uk/assets/styles/images/bg/form-icon-foliage-green.png'],['https://www.rhs.org.uk/assets/styles/images/bg/form-icon-foliage-green.png'],['https://www.rhs.org.uk/assets/styles/images/bg/form-icon-foliage-green.png']
4,Begonia listada,striped begonia,,"Family
Begoniaceae","Genus
Begonia can be annuals, evergreen or deciduous perennials or shrubs, with fibrous, tuberous or rhizomatous roots and usually asymmetrical leaves, often strikingly patterned, and small or large flowers, both male and female in the same cluster","Plant range
S America","Foliage
Evergreen","Habit
Bushy",H1B,Partial Shade,"Aspect
South-facing or East-facing","Exposure
Sheltered","Clay
Loam
Sand","Moisture
Moist but well-drained, Well-drained","pH
Acid, Neutral","Ultimate height
0.1-0.5 metres","Ultimate spread
0.1-0.5 metres","Time to ultimate height
2-5 years","Cultivation
Under glass grow in light, well-drained loam-based or loam-less potting compost in filtered light with shade from hot sun at an optimum of 19°C. Will not tolerate continuous direct sunlight or waterlogging. Water moderately when in growth and apply a balanced liquid fertiliser at alternative waterings. See Begonias: houseplants for further advice.","Propagation
Propagate by leaf cuttings","Suggested planting locations and garden types
Patio & Container Plants","Pruning
Cut back over long canes to 2 or 3 buds in late spring","Pests
May be attacked by caterpillars, mealybugs, thrips and vine weevils","Diseases
May be subject to powdery mildews, stem rot and rhizome rot","['https://www.rhs.org.uk/assets/styles/images/bg/form-icon-foliage-green.png', 'https://www.rhs.org.uk/assets/styles/images/bg/form-icon-foliage-red.png']","['https://www.rhs.org.uk/assets/styles/images/bg/form-icon-foliage-green.png', 'https://www.rhs.org.uk/assets/styles/images/bg/form-icon-foliage-red.png', 'https://www.rhs.org.uk/assets/styles/images/bg/form-icon-flower-white.png']","['https://www.rhs.org.uk/assets/styles/images/bg/form-icon-foliage-green.png', 'https://www.rhs.org.uk/assets/styles/images/bg/form-icon-foliage-red.png']","['https://www.rhs.org.uk/assets/styles/images/bg/form-icon-foliage-green.png', 'https://www.rhs.org.uk/assets/styles/images/bg/form-icon-foliage-red.png']"
5,Yucca baccata,banana yucca,,"Family
Asparagaceae","Genus
Yucca can be evergreen perennials, shrubs or trees, with dense or loose rosettes of stiff, sword-shaped leaves and tall panicles of bell-shaped flowers","Plant range
SW USA, New Mex.","Foliage
Evergreen","Habit
Bushy",H3,Full Sun,"Aspect
South-facing or West-facing","Exposure
Sheltered","Chalk
Loam
Sand","Moisture
Well-drained","pH
Acid, Alkaline, Neutral","Ultimate height
1.5-2.5 metres","Ultimate spread
1.5-2.5 metres","Time to ultimate height
10-20 years","Cultivation
Grow in very well drained soil in full sun; protect from excessive winter rainfall","Propagation
Propagate by seed or remove rooted suckers","Suggested planting locations and garden types
Low Maintenance Architectural Gravel Garden Patio & Container Plants City & Courtyard Gardens","Pruning
No pruning required, but dead leaves and spent flower spikes can be removed to improve appearance","Pests
Generally trouble free","Diseases
May be subject to a leaf spot","['https://www.rhs.org.uk/assets/styles/images/bg/form-icon-foliage-blue.png', 'https://www.rhs.org.uk/assets/styles/images/bg/form-icon-foliage-green.png']","['https://www.rhs.org.uk/assets/styles/images/bg/form-icon-foliage-blue.png', 'https://www.rhs.org.uk/assets/styles/images/bg/form-icon-foliage-green.png']","['https://www.rhs.org.uk/assets/styles/images/bg/form-icon-foliage-blue.png', 'https://www.rhs.org.uk/assets/styles/images/bg/form-icon-flower-cream.png', 'https://www.rhs.org.uk/assets/styles/images/bg/form-icon-foliage-green.png', 'https://www.rhs.org.uk/assets/styles/images/bg/form-icon-flower-purple.png', 'https://www.rhs.org.uk/assets/styles/images/bg/form-icon-flower-red.png', 'https://www.rhs.org.uk/assets/styles/images/bg/form-icon-flower-white.png']","['https://www.rhs.org.uk/assets/styles/images/bg/form-icon-foliage-blue.png', 'https://www.rhs.org.uk/assets/styles/images/bg/form-icon-foliage-green.png']"
6,Patrinia gibbosa,swollen patrinia,,"Family
Caprifoliaceae","Genus
Patrinia are clump-forming, herbaceous perennials with long-stemmed sprays of small, yellow or white flowers. The leaves are mainly basal, mid- to dark green, nearly always lobed or divided","Plant range
Japan","Foliage
Deciduous","Habit
Bushy","Fragrance
Flower","Full Shade
Partial Shade","Aspect
North-facing or West-facing or East-facing","Exposure
Sheltered","Chalk
Clay
Loam
Sand","Moisture
Moist but well-drained, Well-drained","pH
Acid, Alkaline, Neutral","Ultimate height
0.1-0.5 metres","Ultimate spread
0.1-0.5 metres","Time to ultimate height
2-5 years","Cultivation
Grow in fertile, humus-rich, soil in partial or deep shade. Will tolerate dry shade","Propagation
Propagate by seed sown in containers in a cold frame as soon as ripe, or by division in spring","Suggested planting locations and garden types
Flower borders and beds Ground Cover Low Maintenance Underplanting of Roses and Shrubs Cottage & Informal Garden","Pruning
Cut down stems after flowering","Pests
Generally pest free","Diseases
Generally disease free","['https://www.rhs.org.uk/assets/styles/images/bg/form-icon-foliage-green.png', 'https://www.rhs.org.uk/assets/styles/images/bg/form-icon-foliage-red.png', 'https://www.rhs.org.uk/assets/styles/images/bg/form-icon-foliage-yellow.png']","['https://www.rhs.org.uk/assets/styles/images/bg/form-icon-foliage-green.png', 'https://www.rhs.org.uk/assets/styles/images/bg/form-icon-flower-yellow.png']","['https://www.rhs.org.uk/assets/styles/images/bg/form-icon-foliage-green.png', 'https://www.rhs.org.uk/assets/styles/images/bg/form-icon-flower-yellow.png']",[]
7,Hibbertia scandens,snake vine,,"Family
Dilleniaceae","Genus
Hibbertia can be evergreen shrubs, trees or climbers, with simple leaves and saucer-shaped, 5-petalled, yellow, pink or white flowers that may be solitary or borne in axillary or terminal cymes","Plant range
Australia","Foliage
Evergreen","Habit
Climbing",H1C,"Full Sun
Partial Shade","Aspect
South-facing or East-facing or West-facing","Exposure
Sheltered",Loam,"Moisture
Moist but well-drained, Well-drained","pH
Acid, Alkaline, Neutral","Ultimate height
2.5-4 metres","Ultimate spread
1.5-2.5 metres","Time to ultimate height
10-20 years","Cultivation
Grow under glass in a loam-based potting compost such as John Innes No. 2 in bright filtered light with humidity. Water freely in the growing season and apply a balanced liquid fertiliser monthly. In winter, keep moist","Propagation
Propagate by seed, sown at a temperature of 19-24°C (66-75°F) in spring. Take semi-ripe cuttings in late summer","Suggested planting locations and garden types
Flower borders and beds Wall-side Borders City & Courtyard Gardens Coastal Cottage & Informal Garden","Pruning
Pruning group 11","Pests
scale insects are a common problem","Diseases
Ususally trouble free",['https://www.rhs.org.uk/assets/styles/images/bg/form-icon-foliage-green.png'],['https://www.rhs.org.uk/assets/styles/images/bg/form-icon-foliage-green.png'],"['https://www.rhs.org.uk/assets/styles/images/bg/form-icon-foliage-green.png', 'https://www.rhs.org.uk/assets/styles/images/bg/form-icon-flower-yellow.png']",['https://www.rhs.org.uk/assets/styles/images/bg/form-icon-foliage-green.png']
8,Molinia caerulea subsp. arundinacea,purple moor-grass,,"Family
Poaceae","Genus
Molinia are deciduous perennial grasses, tufted in habit, with flat, linear leaves and erect stems bearing open flowering panicles in summer","Plant range
W Europe","Foliage
Deciduous","Habit
Tufted",H7,"Full Sun
Partial Shade","Aspect
South-facing or East-facing or North-facing or West-facing","Exposure
Exposed or Sheltered","Chalk
Clay
Loam
Sand","Moisture
Moist but well-drained, Well-drained","pH
Acid, Neutral","Ultimate height
1-1.5 metres","Ultimate spread
0.5-1 metres","Time to ultimate height
2-5 years","Cultivation
Will grow in any moderately fertile, moist but well-drained soil but prefers acidic soil","Propagation
Propagate by seed sown in pots in a cold frame in spring or by division in spring","Suggested planting locations and garden types
Flower borders and beds Low Maintenance Cottage & Informal Garden","Pruning
Remove dead foliage and old flowered stems in spring","Pests
Generally pest free","Diseases
Generally disease free",['https://www.rhs.org.uk/assets/styles/images/bg/form-icon-foliage-yellow.png'],['https://www.rhs.org.uk/assets/styles/images/bg/form-icon-foliage-green.png'],"['https://www.rhs.org.uk/assets/styles/images/bg/form-icon-foliage-green.png', 'https://www.rhs.org.uk/assets/styles/images/bg/form-icon-flower-purple.png']",[]
9,Salix aegyptiaca,musk willow,,"Family
Salicaceae","Genus
Salix are deciduous shrubs and trees of diverse habit, with simple leaves and tiny flowers in catkins, male and female usually on separate plants. Some are valued for their brightly coloured winter shoots, others for their foliage or showy male catkins","Plant range
SW to C Asia","Foliage
Deciduous","Habit
Bushy","Fragrance
Flower",Full Sun,"Aspect
West-facing or South-facing or East-facing","Exposure
Exposed or Sheltered","Clay
Loam
Sand","Moisture
Moist but well-drained, Poorly-drained","pH
Acid, Alkaline, Neutral","Ultimate height
4-8 metres","Ultimate spread
4-8 metres","Time to ultimate height
10-20 years","Cultivation
Grow in any deep, moist soil in full sun","Propagation
Propagate by softwood or hardwood cuttings","Suggested planting locations and garden types
Hedging & Screens Low Maintenance Wildlife Gardens Coastal","Pruning
Pruning group 1","Pests
Can get aphids, caterpillars, leaf beetles and sawflies","Diseases
May be subject to willow anthracnose and rust diseases","['https://www.rhs.org.uk/assets/styles/images/bg/form-icon-foliage-green.png', 'https://www.rhs.org.uk/assets/styles/images/bg/form-icon-stem-purple.png']","['https://www.rhs.org.uk/assets/styles/images/bg/form-icon-foliage-green.png', 'https://www.rhs.org.uk/assets/styles/images/bg/form-icon-flower-grey.png', 'https://www.rhs.org.uk/assets/styles/images/bg/form-icon-stem-purple.png', 'https://www.rhs.org.uk/assets/styles/images/bg/form-icon-flower-silver.png', 'https://www.rhs.org.uk/assets/styles/images/bg/form-icon-flower-yellow.png']","['https://www.rhs.org.uk/assets/styles/images/bg/form-icon-foliage-green.png', 'https://www.rhs.org.uk/assets/styles/images/bg/form-icon-stem-purple.png']","['https://www.rhs.org.uk/assets/styles/images/bg/form-icon-stem-green.png', 'https://www.rhs.org.uk/assets/styles/images/bg/form-icon-flower-grey.png', 'https://www.rhs.org.uk/assets/styles/images/bg/form-icon-stem-purple.png', 'https://www.rhs.org.uk/assets/styles/images/bg/form-icon-flower-silver.png', 'https://www.rhs.org.uk/assets/styles/images/bg/form-icon-flower-yellow.png']"
10,Orostachys spinosa,spiny pennywort,,"Family
Crassulaceae","Genus
Orostachys are low-growing perennials forming dense rosettes of short, fleshy leaves. Erect stems carry clusters of star-shaped flowers in summer or autumn. Individual rosettes die after flowering","Plant range
Russia to China","Foliage
Evergreen","Habit
Mat forming",H4,Full Sun,"Aspect
West-facing or South-facing or East-facing","Exposure
Exposed or Sheltered","Loam
Sand","Moisture
Well-drained","pH
Acid, Alkaline, Neutral","Ultimate height
Up to 10 cm","Ultimate spread
0.1-0.5 metres","Time to ultimate height
5-10 years","Cultivation
Grow in very well-drained soil or compost in full sun. Although very hardy, plants will not tolerate wet or humid conditions so are better grown under cover in a well-ventilated, cold greenhouse or cold frame","Propagation
Propagate by rooting offsets in spring","Suggested planting locations and garden types
Gravel Garden Patio & Container Plants","Pruning
Rosettes die after flowering, so remove them carefully","Pests
Can get mealybugs","Diseases
Generally disease free","['https://www.rhs.org.uk/assets/styles/images/bg/form-icon-foliage-green.png', 'https://www.rhs.org.uk/assets/styles/images/bg/form-icon-foliage-grey.png', 'https://www.rhs.org.uk/assets/styles/images/bg/form-icon-foliage-silver.png']","['https://www.rhs.org.uk/assets/styles/images/bg/form-icon-foliage-green.png', 'https://www.rhs.org.uk/assets/styles/images/bg/form-icon-foliage-grey.png', 'https://www.rhs.org.uk/assets/styles/images/bg/form-icon-foliage-silver.png']","['https://www.rhs.org.uk/assets/styles/images/bg/form-icon-foliage-green.png', 'https://www.rhs.org.uk/assets/styles/images/bg/form-icon-foliage-grey.png', 'https://www.rhs.org.uk/assets/styles/images/bg/form-icon-foliage-silver.png', 'https://www.rhs.org.uk/assets/styles/images/bg/form-icon-flower-yellow.png']","['https://www.rhs.org.uk/assets/styles/images/bg/form-icon-foliage-green.png', 'https://www.rhs.org.uk/assets/styles/images/bg/form-icon-foliage-grey.png', 'https://www.rhs.org.uk/assets/styles/images/bg/form-icon-foliage-silver.png']"
11,Plumbago indica,Indian leadwort,,"Family
Plumbaginaceae","Genus
Plumbago can be annuals, perennials or scrambling evergreen shrubs, with simple leaves and short terminal racemes of salver-shaped flowers with 5 spreading lobes","Plant range
SE Asia","Foliage
Evergreen","Habit
Bushy",H1C,Full Sun,"Aspect
South-facing or East-facing","Exposure
Sheltered","Chalk
Loam
Sand","Moisture
Well-drained","pH
Acid, Alkaline, Neutral","Ultimate height
1-1.5 metres","Ultimate spread
0.5-1 metres","Time to ultimate height
10-20 years","Cultivation
Under glass grow in a loam-based potting compost in full light. When in growth water freely and apply a balanced liquid fertiliser monthly. Water sparingly in winter. Can be grown outdoors in warmer climes in most fertile soils","Propagation
Propagate by seed sown at 13 to 18°C in spring or take semi-hardwood cuttings in midsummer with bottom heat. Softwood cuttings can be rooted in late spring or early summer","Suggested planting locations and garden types
Patio & Container Plants","Pruning
Pruning group 8","Pests
Glasshouse red spider mite and glasshouse whitefly may be a problem","Diseases
Generally disease free","['https://www.rhs.org.uk/assets/styles/images/bg/form-icon-foliage-green.png', 'https://www.rhs.org.uk/assets/styles/images/bg/form-icon-flower-pink.png']",['https://www.rhs.org.uk/assets/styles/images/bg/form-icon-foliage-green.png'],['https://www.rhs.org.uk/assets/styles/images/bg/form-icon-foliage-green.png'],"['https://www.rhs.org.uk/assets/styles/images/bg/form-icon-foliage-green.png', 'https://www.rhs.org.uk/assets/styles/images/bg/form-icon-flower-pink.png']"
12,Campanula cochlearifolia,fairy thimbles,,"Family
Campanulaceae","Genus
Campanula may be annuals, herbaceous or evergreen perennials, with bell or star-shaped, often blue, flowers in late spring or summer","Plant range
Europe (mts)","Foliage
Deciduous","Habit
Clump-forming",H5,"Full Sun
Partial Shade","Aspect
South-facing or North-facing or West-facing or East-facing","Exposure
Exposed or Sheltered","Chalk
Loam
Sand","Moisture
Moist but well-drained, Well-drained","pH
Acid, Alkaline, Neutral","Ultimate height
Up to 10 cm","Ultimate spread
0.1-0.5 metres","Time to ultimate height
2-5 years","Cultivation
Ideal for rock gardens or sunny borders. Will not tolerate wet winters","Propagation
Propagate by seed or basal cuttings","Suggested planting locations and garden types
Underplanting of Roses and Shrubs Garden Edging Ground Cover City & Courtyard Gardens Cottage & Informal Garden Gravel Garden Rock Garden Patio & Container Plants","Pruning
No pruning required","Pests
May be damaged by slugs and snails","Diseases
May be infected by a rust, powdery mildews and a leaf spot","['https://www.rhs.org.uk/assets/styles/images/bg/form-icon-flower-blue.png', 'https://www.rhs.org.uk/assets/styles/images/bg/form-icon-foliage-green.png']",[],[],[]
13,Lathyrus sylvestris,narrow-leaved everlasting pea,,"Family
Fabaceae","Genus
Lathyrus can be annuals or herbaceous or evergreen perennials, mostly climbing, with pinnate leaves ending in a tendril, and showy pea-like flowers, fragrant in some species","Plant range
Europe & Morocco","Foliage
Deciduous","Habit
Climbing","Toxicity
Acute ingestion may cause mild stomach upset. Wear gloves and wash hands after handling","Full Sun
Partial Shade","Aspect
South-facing or North-facing or East-facing or West-facing","Exposure
Sheltered","Chalk
Clay
Loam
Sand","Moisture
Moist but well-drained, Well-drained","pH
Acid, Alkaline, Neutral","Ultimate height
1.5-2.5 metres","Ultimate spread
0.5-1 metres","Time to ultimate height
2-5 years","Cultivation
Needs fertile, well-drained soil in full sun or light shade, and can be trained up a support, or be allowed to scramble. See sweetpea cultivation for further information","Propagation
Propagate by seed","Suggested planting locations and garden types
Flower borders and beds Wall-side Borders City & Courtyard Gardens Cottage & Informal Garden","Pruning
Deadhead to prolong flowering and cut back in autumn","Pests
May be attacked by aphids, slugs and snails","Diseases
May be affected by powdery mildews, Fusarium wilt and sweet pea viruses","['https://www.rhs.org.uk/assets/styles/images/bg/form-icon-foliage-green.png', 'https://www.rhs.org.uk/assets/styles/images/bg/form-icon-flower-pink.png', 'https://www.rhs.org.uk/assets/styles/images/bg/form-icon-flower-purple.png']",['https://www.rhs.org.uk/assets/styles/images/bg/form-icon-foliage-green.png'],"['https://www.rhs.org.uk/assets/styles/images/bg/form-icon-foliage-green.png', 'https://www.rhs.org.uk/assets/styles/images/bg/form-icon-flower-pink.png', 'https://www.rhs.org.uk/assets/styles/images/bg/form-icon-flower-purple.png']",[]
14,Euphorbia horrida,African milk barrel,,"Family
Euphorbiaceae","Genus
Euphorbia can be annuals, perennials, shrubs or succulents, with milky sap and small flowers held within cupped, often colourful bracts","Plant range
S Africa (Cape)","Foliage
Evergreen","Habit
Clump-forming","Toxicity
All parts are highly toxic by ingestion, sap may irritate skin and eyes. Wear gloves and other protective equipment when handling",Full Sun,"Aspect
North-facing or East-facing or South-facing","Exposure
Sheltered","Loam
Sand","Moisture
Well-drained","pH
Acid, Alkaline, Neutral","Ultimate height
1-1.5 metres","Ultimate spread
0.1-0.5 metres","Time to ultimate height
10-20 years","Cultivation
Grow under glass in a loam-based potting compost with sharp sand in full light with good ventilation. Water sparingly when in growth keep dry in winter. In the growing season feed a low nitrogen liquid fertiliser 2 or 3 times","Propagation
Propagate by seed sown at 15 - 18°C in early spring or stem in spring or early summer. Separate offsets in spring","Suggested planting locations and garden types
Low Maintenance Patio & Container Plants","Pruning
No pruning required","Pests
May be attacked by mealybugs","Diseases
Generally disease free","['https://www.rhs.org.uk/assets/styles/images/bg/form-icon-stem-blue.png', 'https://www.rhs.org.uk/assets/styles/images/bg/form-icon-stem-green.png']","['https://www.rhs.org.uk/assets/styles/images/bg/form-icon-stem-blue.png', 'https://www.rhs.org.uk/assets/styles/images/bg/form-icon-stem-green.png']","['https://www.rhs.org.uk/assets/styles/images/bg/form-icon-stem-blue.png', 'https://www.rhs.org.uk/assets/styles/images/bg/form-icon-flower-green.png']","['https://www.rhs.org.uk/assets/styles/images/bg/form-icon-stem-blue.png', 'https://www.rhs.org.uk/assets/styles/images/bg/form-icon-stem-green.png']"
15,Narcissus papyraceus (13),paper-white daffodil,,"Family
Amaryllidaceae","Genus
Narcissus are bulbous herbaceous perennials with linear leaves and leafless stems bearing flowers, which may be solitary or in umbels, with 6 spreading perianth segments and a cup or trumpet-shaped corona","Plant range
Mediterranean, SW Europe","Foliage
Deciduous","Habit
Clump-forming","Fragrance
Flower","Full Sun
Partial Shade","Aspect
West-facing or South-facing","Exposure
Sheltered","Chalk
Clay
Loam
Sand","Moisture
Moist but well-drained, Well-drained","pH
Acid, Alkaline, Neutral","Ultimate height
0.1-0.5 metres","Ultimate spread
0-0.1 metre","Time to ultimate height
2-5 years","Cultivation
Plant at one and a half to two times its own depth in autumn. Prefers moderately fertile, well-drained soil that is constantly moist during the growing season. Will survive outdoors in mild areas, or may be grown in containers under cover. See daffodil cultivation for further advice","Propagation
Propagate by removing offsets as the leaves fade in early summer","Suggested planting locations and garden types
Cut Flowers Flower borders and beds Underplanting of Roses and Shrubs City & Courtyard Gardens Cottage & Informal Garden Patio & Container Plants","Pruning
Deadhead as flowers fade and allow the leaves to die down naturally","Pests
May be attacked by slugs, large narcissus bulb fly, narcissus eelworm, and bulb scale mite","Diseases
May be affected by narcissus basal rot, narcissus leaf scorch or daffodil viruses","['https://www.rhs.org.uk/assets/styles/images/bg/form-icon-foliage-blue.png', 'https://www.rhs.org.uk/assets/styles/images/bg/form-icon-foliage-green.png', 'https://www.rhs.org.uk/assets/styles/images/bg/form-icon-flower-white.png']","['https://www.rhs.org.uk/assets/styles/images/bg/form-icon-foliage-blue.png', 'https://www.rhs.org.uk/assets/styles/images/bg/form-icon-foliage-green.png', 'https://www.rhs.org.uk/assets/styles/images/bg/form-icon-flower-white.png']",[],[]
16,Scutellaria altissima,Somerset skullcap,,"Family
Lamiaceae","Genus
Scutellaria are annuals, herbaceous perennials or sub-shrubs with opposite pairs of leaves and blue, violet, yellow or white, two-lipped, tubular flowers borne in the leaf axils or in terminal spikes","Plant range
Italy & Balkans to Turkey, Caucasus","Foliage
Deciduous","Habit
Bushy",H4,"Full Sun
Partial Shade","Aspect
South-facing or West-facing","Exposure
Sheltered","Chalk
Loam
Sand","Moisture
Well-drained","pH
Alkaline, Neutral","Ultimate height
0.1-0.5 metres","Ultimate spread
0.1-0.5 metres","Time to ultimate height
2-5 years","Cultivation
Grow in light, well-drained, neutral to alkaline soil in full sun or light shade","Propagation
Propagate by seed sown in autumn, or by division in autumn or spring, or by softwood cuttings in late spring or early summer","Suggested planting locations and garden types
Flower borders and beds Cottage & Informal Garden","Pruning
No pruning needed","Pests
Generally pest free","Diseases
Generally disease free",['https://www.rhs.org.uk/assets/styles/images/bg/form-icon-foliage-green.png'],['https://www.rhs.org.uk/assets/styles/images/bg/form-icon-foliage-green.png'],"['https://www.rhs.org.uk/assets/styles/images/bg/form-icon-flower-blue.png', 'https://www.rhs.org.uk/assets/styles/images/bg/form-icon-foliage-green.png', 'https://www.rhs.org.uk/assets/styles/images/bg/form-icon-flower-purple.png']",[]
17,Salvia napifolia,Turkish sage,,"Family
Lamiaceae","Genus
Salvia can be annuals, biennials, herbaceous or evergreen perennials, or shrubs. They have paired, simple or pinnately lobed, often aromatic leaves and 2-lipped flowers in whorls, forming simple or branched spikes or racemes","Plant range
Turkey","Foliage
Deciduous","Habit
Bushy",H4,Full Sun,"Aspect
West-facing or South-facing","Exposure
Sheltered","Chalk
Loam
Sand","Moisture
Well-drained","pH
Acid, Alkaline, Neutral","Ultimate height
0.5-1 metres","Ultimate spread
0.1-0.5 metres","Time to ultimate height
2-5 years","Cultivation
Grow in well-drained soil and full sun with shelter from cold, drying winds","Propagation
Propagate by seed, or take basal stem cuttings in late spring; stem-tip cuttings in late summer or in early autumn or propagate by division in spring","Suggested planting locations and garden types
Flower borders and beds Cottage & Informal Garden Patio & Container Plants","Pruning
No pruning required; cut down flower spikes when finished","Pests
Slugs and snails, aphids, capsid bug, leafhoppers and rosemary beetle may damage young growth","Diseases
Foot and root rots, powdery mildews and verticillium wilt can be problematic",['https://www.rhs.org.uk/assets/styles/images/bg/form-icon-foliage-green.png'],['https://www.rhs.org.uk/assets/styles/images/bg/form-icon-foliage-green.png'],"['https://www.rhs.org.uk/assets/styles/images/bg/form-icon-foliage-green.png', 'https://www.rhs.org.uk/assets/styles/images/bg/form-icon-flower-purple.png']",[]
18,Aquilegia flabellata var. pumila f. alba,dwarf white fan-leaved columbine,,"Family
Ranunculaceae","Genus
Aquilegia are clump-forming herbaceous perennials with long-stalked, ternately divided basal leaves and erect, leafy stems bearing bell-shaped flowers with spreading, coloured sepals and petals with spurs, on branched stems","Plant range
Japan","Foliage
Deciduous","Habit
Bushy","Toxicity
Ingestion may cause mild stomach upset. Wear gloves and wash hands after handling","Full Sun
Partial Shade","Aspect
West-facing or East-facing or South-facing","Exposure
Exposed or Sheltered","Chalk
Clay
Loam
Sand","Moisture
Moist but well-drained","pH
Acid, Alkaline, Neutral","Ultimate height
0.1-0.5 metres","Ultimate spread
0-0.1 metre","Time to ultimate height
2-5 years","Cultivation
Grow in fertile, moist soil in sunny spot or partial shade","Propagation
Propagate by seed sown in pots in a cold frame as soon as seed is ripe or in spring. Columbines hybridise freely so the seedlings may not be true to type","Suggested planting locations and garden types
Flower borders and beds Low Maintenance City & Courtyard Gardens Gravel Garden Rock Garden Cottage & Informal Garden","Pruning
Cut back foliage affected by fungal diseases","Pests
Can get aphids, leaf-mining flies and sawflies","Diseases
May be infected by powdery mildews and aquilegia downy mildew","['https://www.rhs.org.uk/assets/styles/images/bg/form-icon-flower-cream.png', 'https://www.rhs.org.uk/assets/styles/images/bg/form-icon-foliage-green.png', 'https://www.rhs.org.uk/assets/styles/images/bg/form-icon-flower-white.png']","['https://www.rhs.org.uk/assets/styles/images/bg/form-icon-flower-cream.png', 'https://www.rhs.org.uk/assets/styles/images/bg/form-icon-foliage-green.png', 'https://www.rhs.org.uk/assets/styles/images/bg/form-icon-flower-white.png']",[],[]
19,Spiraea thunbergii,Thunberg spiraea,,"Family
Rosaceae","Genus
Spiraea are deciduous shrubs, sometimes suckering, with simple leaves and short racemes, panicles or corymbs of small, 5-petalled white or pink flowers in spring or summer","Plant range
China Japan","Foliage
Deciduous","Habit
Bushy",H6,"Full Sun
Partial Shade","Aspect
East-facing or South-facing or North-facing or West-facing","Exposure
Exposed or Sheltered","Chalk
Loam
Sand","Moisture
Moist but well-drained, Well-drained","pH
Acid, Alkaline, Neutral","Ultimate height
1-1.5 metres","Ultimate spread
1-1.5 metres","Time to ultimate height
10-20 years","Cultivation
Easy to grow in most moist soils, tolerant of all but the most extreme conditions. Especially suitable for mixed borders","Propagation
Propagate by softwood cuttings in summer","Suggested planting locations and garden types
Banks and Slopes Low Maintenance Flower borders and beds Cottage & Informal Garden","Pruning
Pruning group 2. If overgrown, can be renovated by cutting back hard immediately after flowering","Pests
Generally pest free","Diseases
Generally disease free","['https://www.rhs.org.uk/assets/styles/images/bg/form-icon-foliage-green.png', 'https://www.rhs.org.uk/assets/styles/images/bg/form-icon-flower-white.png']","['https://www.rhs.org.uk/assets/styles/images/bg/form-icon-foliage-green.png', 'https://www.rhs.org.uk/assets/styles/images/bg/form-icon-flower-white.png']",[],[]
20,Sempervivum altum,tall houseleek,,"Family
Crassulaceae","Genus
Sempervivum are evergreen perennials forming mats of fleshy-leaved rosettes, often attractively coloured, with star-shaped pink or pale yellow flowers in summer","Plant range
Caucasus","Foliage
Evergreen","Habit
Mat forming",H5,Full Sun,"Aspect
South-facing or West-facing or East-facing","Exposure
Exposed or Sheltered","Loam
Sand","Moisture
Well-drained","pH
Acid, Alkaline, Neutral","Ultimate height
0.1-0.5 metres","Ultimate spread
0.1-0.5 metres","Time to ultimate height
2-5 years","Cultivation
Grow in moderately fertile gritty soil in full sun. Protect from excessive winter wet. Suitable for rock garden, scree bed, wall crevice, trough or alpine house","Propagation
Propagate by rooting offsets in spring","Suggested planting locations and garden types
Low Maintenance City & Courtyard Gardens Cottage & Informal Garden Patio & Container Plants Rock Garden Gravel Garden","Pruning
None required","Pests
May be susceptible to vine weevil and sempervivum leaf miner","Diseases
May be affected by a rust",['https://www.rhs.org.uk/assets/styles/images/bg/form-icon-foliage-green.png'],['https://www.rhs.org.uk/assets/styles/images/bg/form-icon-foliage-green.png'],"['https://www.rhs.org.uk/assets/styles/images/bg/form-icon-foliage-green.png', 'https://www.rhs.org.uk/assets/styles/images/bg/form-icon-flower-pink.png', 'https://www.rhs.org.uk/assets/styles/images/bg/form-icon-flower-purple.png']",['https://www.rhs.org.uk/assets/styles/images/bg/form-icon-foliage-green.png']
21,Chlidanthus fragrans,delicate lily,,"Family
Amaryllidaceae","Genus
Chlidanthus are bulbous perennials with long, narrow leaves, and leafless stems bearing clusters of strongly-scented, trumpet-shaped, white or yellow flowers","Plant range
Peru","Foliage
Deciduous","Habit
Columnar/Upright","Fragrance
Flower",Full Sun,"Aspect
South-facing or West-facing","Exposure
Sheltered","Loam
Sand","Moisture
Well-drained","pH
Acid, Alkaline, Neutral","Ultimate height
0.1-0.5 metres","Ultimate spread
0-0.1 metre","Time to ultimate height
2-5 years","Cultivation
Best grown in pots of loam-based potting compost in a frost-free greenhouse or conservatory, in full light. Can be stood outside, or plunged in a sunny border, for summer","Propagation
Propagate by seed sown at 13-18°C or by removing offsets, in spring","Suggested planting locations and garden types
Flower borders and beds Patio & Container Plants Sub-tropical City & Courtyard Gardens","Pruning
No pruning needed","Pests
Generally problem free","Diseases
Generally problem free","['https://www.rhs.org.uk/assets/styles/images/bg/form-icon-foliage-green.png', 'https://www.rhs.org.uk/assets/styles/images/bg/form-icon-foliage-grey.png', 'https://www.rhs.org.uk/assets/styles/images/bg/form-icon-foliage-silver.png']","['https://www.rhs.org.uk/assets/styles/images/bg/form-icon-foliage-green.png', 'https://www.rhs.org.uk/assets/styles/images/bg/form-icon-foliage-grey.png', 'https://www.rhs.org.uk/assets/styles/images/bg/form-icon-foliage-silver.png']","['https://www.rhs.org.uk/assets/styles/images/bg/form-icon-foliage-green.png', 'https://www.rhs.org.uk/assets/styles/images/bg/form-icon-foliage-grey.png', 'https://www.rhs.org.uk/assets/styles/images/bg/form-icon-foliage-silver.png', 'https://www.rhs.org.uk/assets/styles/images/bg/form-icon-flower-yellow.png']",[]
22,Agave salmiana var. ferox,ferocious giant agave,,"Family
Asparagaceae","Genus
Agave can be perennial or monocarpic succulents, forming rosettes of usually rigid, fleshy, spiny-edged leaves, with funnel-shaped flowers in racemes or panicles often much taller than the rosettes","Plant range
C Mexico","Foliage
Evergreen","Habit
Bushy",H2,Full Sun,"Aspect
South-facing or West-facing","Exposure
Sheltered",Sand,"Moisture
Well-drained","pH
Acid","Ultimate height
2.5-4 metres","Ultimate spread
1.5-2.5 metres","Time to ultimate height
10-20 years","Cultivation
Grow under glass in cactus compost in full light. Water freely in summer, giving a low-nitrogen feed three or four times. Water less in autumn and keep dry in winter. Can move outdoors for summer","Propagation
Propagate by seed, or remove offsets","Suggested planting locations and garden types
Drought Resistant City & Courtyard Gardens Patio & Container Plants Sub-tropical Architectural Gravel Garden","Pruning
No pruning needed","Pests
Can be affected by scale insect","Diseases
Generally disease free","['https://www.rhs.org.uk/assets/styles/images/bg/form-icon-foliage-green.png', 'https://www.rhs.org.uk/assets/styles/images/bg/form-icon-foliage-grey.png', 'https://www.rhs.org.uk/assets/styles/images/bg/form-icon-foliage-silver.png']","['https://www.rhs.org.uk/assets/styles/images/bg/form-icon-foliage-green.png', 'https://www.rhs.org.uk/assets/styles/images/bg/form-icon-foliage-grey.png', 'https://www.rhs.org.uk/assets/styles/images/bg/form-icon-foliage-silver.png']","['https://www.rhs.org.uk/assets/styles/images/bg/form-icon-foliage-green.png', 'https://www.rhs.org.uk/assets/styles/images/bg/form-icon-foliage-grey.png', 'https://www.rhs.org.uk/assets/styles/images/bg/form-icon-foliage-silver.png', 'https://www.rhs.org.uk/assets/styles/images/bg/form-icon-flower-yellow.png']","['https://www.rhs.org.uk/assets/styles/images/bg/form-icon-foliage-green.png', 'https://www.rhs.org.uk/assets/styles/images/bg/form-icon-foliage-grey.png', 'https://www.rhs.org.uk/assets/styles/images/bg/form-icon-foliage-silver.png']"
23,Sagittaria latifolia,wapato,,"Family
Alismataceae","Genus
Sagittaria can be marginal or submerged aquatic, tuberous perennials or annuals, with linear, lance-shaped or arrow-shaped leaves and panicles of 3-petalled white flowers in summer","Plant range
S Canada to W South America","Foliage
Deciduous","Habit
Clump-forming",H6,Full Sun,"Aspect
South-facing or West-facing","Exposure
Exposed or Sheltered","Clay
Loam
Sand","Moisture
Poorly-drained","pH
Acid, Alkaline, Neutral","Ultimate height
0.5-1 metres","Ultimate spread
0.1-0.5 metres","Time to ultimate height
5-10 years","Cultivation
This plant is listed on Schedule 9 of the UK Wildlife & Countryside Act as an invasive non-native species. While this does not prevent it from being sold in the UK, or from being grown in gardens, the RHS encourages those that do grow it to take great care with managing it and with disposing of unwanted material. The RHS also encourages gardeners to find alternative plants to grow to those listed on Schedule 9. For suggested alternative plants see the Plantlife/RHS guide: Gardening without harmful invasive plants","Propagation
Propagate by seed or by runners in summer. Alternatively, plant overwintered tubers in spring","Suggested planting locations and garden types
Low Maintenance Wildlife Gardens","Pruning
Cut back in late summer and remove dead flowerheads to prevent self-seeding","Pests
Leaves may be damaged by water lily aphids","Diseases
Generally disease free",['https://www.rhs.org.uk/assets/styles/images/bg/form-icon-foliage-green.png'],"['https://www.rhs.org.uk/assets/styles/images/bg/form-icon-foliage-green.png', 'https://www.rhs.org.uk/assets/styles/images/bg/form-icon-flower-white.png']",[],[]
24,Persicaria milletii,crimson knotweed,,"Family
Polygonaceae","Genus
Persicaria can be annuals, herbaceous or evergreen perennials or sub-shrubs with simple leaves and small bell-shaped white or pink flowers in long-lasting spikes or panicles","Plant range
Himalaya SW China","Foliage
Semi-evergreen","Habit
Bushy","Toxicity
Contact with all parts may irritate skin, the sap may cause mild stomach upset if ingested. Wear gloves and other protective equipment when handling","Full Sun
Partial Shade","Aspect
South-facing or North-facing or East-facing or West-facing","Exposure
Exposed or Sheltered","Clay
Loam","Moisture
Moist but well-drained, Poorly-drained","pH
Acid, Alkaline, Neutral","Ultimate height
0.5-1 metres","Ultimate spread
0.1-0.5 metres","Time to ultimate height
2-5 years","Cultivation
Grow in any moist soil in full sun or partial shade. Tough and non-invasive but may self-seed","Propagation
Propagate by division in spring or autumn","Suggested planting locations and garden types
Flower borders and beds City & Courtyard Gardens Gravel Garden Cottage & Informal Garden Wildflower meadow","Pruning
Cut back after flowering","Pests
Generally pest free","Diseases
Generally disease free","['https://www.rhs.org.uk/assets/styles/images/bg/form-icon-foliage-bronze.png', 'https://www.rhs.org.uk/assets/styles/images/bg/form-icon-flower-red.png']",['https://www.rhs.org.uk/assets/styles/images/bg/form-icon-foliage-green.png'],"['https://www.rhs.org.uk/assets/styles/images/bg/form-icon-foliage-green.png', 'https://www.rhs.org.uk/assets/styles/images/bg/form-icon-flower-red.png']",['https://www.rhs.org.uk/assets/styles/images/bg/form-icon-foliage-brown.png']
25,Hibiscus moscheutos,common rose mallow,,"Family
Malvaceae","Genus
Hibiscus can be deciduous or evergreen shrubs, trees, annuals or perennials, with simple or palmately lobed leaves and large, funnel-shaped flowers over a long flowering season","Plant range
S & E North America","Foliage
Deciduous","Habit
Bushy",H4,Full Sun,"Aspect
West-facing or South-facing","Exposure
Sheltered","Clay
Loam","Moisture
Moist but well-drained, Poorly-drained","pH
Acid, Alkaline, Neutral","Ultimate height
1.5-2.5 metres","Ultimate spread
0.5-1 metres","Time to ultimate height
2-5 years","Cultivation
Grow in full sun, in soil that is rich in organic matter and always moist. Protect from strong wind and mulch in winter in colder areas","Propagation
Propagate by seed or by division in spring","Suggested planting locations and garden types
Wall-side Borders Drought Resistant Flower borders and beds Cottage & Informal Garden City & Courtyard Gardens Sub-tropical","Pruning
Cut down to near ground level in late autumn","Pests
Aphids may be a problem","Diseases
Powdery mildews may be a problem",[],[],[],[]
26,Ranunculus acris,meadow buttercup,,"Family
Ranunculaceae","Genus
Ranunculus can be annuals, biennials, evergreen or herbaceous perennials, with rhizomes, tubers or spreading by runners. The leaves are variable but often palmately lobed or dissected and the flowers usually bowl-shaped","Plant range
Europe, Asia","Foliage
Deciduous","Habit
Clump-forming",H7,"Full Sun
Partial Shade","Aspect
South-facing or North-facing or East-facing or West-facing","Exposure
Exposed or Sheltered","Chalk
Clay
Loam
Sand","Moisture
Moist but well-drained","pH
Acid, Alkaline, Neutral","Ultimate height
0.5-1 metres","Ultimate spread
0.1-0.5 metres","Time to ultimate height
2-5 years","Cultivation
Grow in humus-rich, fertile, moist or moist but well-drained soil in full or partial shade","Propagation
Propagate by seed or division","Suggested planting locations and garden types
Low Maintenance Wildlife Gardens Wildflower meadow","Pruning
No pruning required","Pests
Generally pest free","Diseases
May be subject to powdery mildews in dry conditions",['https://www.rhs.org.uk/assets/styles/images/bg/form-icon-foliage-green.png'],['https://www.rhs.org.uk/assets/styles/images/bg/form-icon-foliage-green.png'],"['https://www.rhs.org.uk/assets/styles/images/bg/form-icon-foliage-green.png', 'https://www.rhs.org.uk/assets/styles/images/bg/form-icon-flower-yellow.png']",[]
27,Astelia banksii,coastal astelia,,"Family
Asteliaceae","Genus
Astelia are clump-forming, rhizomatous evergreen perennials with arching, linear, keeled, silvery leaves and panicles of small, pale greenish or brown flowers, followed on female plants by orange or red berries","Plant range
New Zealand","Foliage
Evergreen","Habit
Bushy",H3,"Full Sun
Partial Shade","Aspect
West-facing or East-facing","Exposure
Sheltered","Clay
Loam
Sand","Moisture
Moist but well-drained, Well-drained","pH
Acid, Neutral","Ultimate height
1-1.5 metres","Ultimate spread
0.5-1 metres","Time to ultimate height
5-10 years","Cultivation
Grow in well-drained, peaty soil in a sheltered spot. Tolerates full sun but prefers partial shade. The foliage can be damaged by frost and cold wind so may need winter protection","Propagation
Propagate by division in spring; divisions can be slow to establish","Suggested planting locations and garden types
Flower borders and beds Drought Resistant Architectural Coastal Gravel Garden City & Courtyard Gardens Patio & Container Plants","Pruning
Remove or trim winter-damaged foliage in spring","Pests
Generally trouble free","Diseases
Generally trouble free, though can be susceptible to root rots","['https://www.rhs.org.uk/assets/styles/images/bg/form-icon-foliage-green.png', 'https://www.rhs.org.uk/assets/styles/images/bg/form-icon-foliage-grey.png', 'https://www.rhs.org.uk/assets/styles/images/bg/form-icon-foliage-silver.png']","['https://www.rhs.org.uk/assets/styles/images/bg/form-icon-foliage-green.png', 'https://www.rhs.org.uk/assets/styles/images/bg/form-icon-foliage-grey.png', 'https://www.rhs.org.uk/assets/styles/images/bg/form-icon-foliage-silver.png']","['https://www.rhs.org.uk/assets/styles/images/bg/form-icon-flower-green.png', 'https://www.rhs.org.uk/assets/styles/images/bg/form-icon-foliage-grey.png', 'https://www.rhs.org.uk/assets/styles/images/bg/form-icon-fruit-purple.png', 'https://www.rhs.org.uk/assets/styles/images/bg/form-icon-foliage-silver.png']","['https://www.rhs.org.uk/assets/styles/images/bg/form-icon-foliage-green.png', 'https://www.rhs.org.uk/assets/styles/images/bg/form-icon-foliage-grey.png', 'https://www.rhs.org.uk/assets/styles/images/bg/form-icon-foliage-silver.png']"
28,Sarcococca orientalis,Chinese sweet box,,"Family
Buxaceae","Genus
Sarcococca are compact, sometimes suckering evergreen shrubs with simple, leathery leaves and tiny, fragrant creamy-white flowers in winter or spring, followed by red, purple or black berries which may persist into the following winter","Plant range
China","Foliage
Evergreen","Habit
Bushy","Fragrance
Flower","Full Shade
Partial Shade","Aspect
South-facing or North-facing or West-facing or East-facing","Exposure
Sheltered","Chalk
Clay
Loam
Sand","Moisture
Moist but well-drained","pH
Acid, Alkaline, Neutral","Ultimate height
0.5-1 metres","Ultimate spread
0.5-1 metres","Time to ultimate height
5-10 years","Cultivation
Grows best in moderately fertile, moist but well-drained soil in light shade. Avoid dry, exposed sites","Propagation
Propagate by seed or by semi-hardwood cuttings","Suggested planting locations and garden types
Flower borders and beds Hedging & Screens Low Maintenance City & Courtyard Gardens Cottage & Informal Garden","Pruning
Pruning group 8","Pests
Generally trouble free","Diseases
Generally trouble free",['https://www.rhs.org.uk/assets/styles/images/bg/form-icon-foliage-green.png'],"['https://www.rhs.org.uk/assets/styles/images/bg/form-icon-fruit-black.png', 'https://www.rhs.org.uk/assets/styles/images/bg/form-icon-foliage-green.png']","['https://www.rhs.org.uk/assets/styles/images/bg/form-icon-fruit-black.png', 'https://www.rhs.org.uk/assets/styles/images/bg/form-icon-foliage-green.png']","['https://www.rhs.org.uk/assets/styles/images/bg/form-icon-flower-cream.png', 'https://www.rhs.org.uk/assets/styles/images/bg/form-icon-foliage-green.png', 'https://www.rhs.org.uk/assets/styles/images/bg/form-icon-flower-pink.png', 'https://www.rhs.org.uk/assets/styles/images/bg/form-icon-flower-white.png']"
29,Phyllostachys viridiglaucescens,green-glaucous bamboo,,"Family
Poaceae","Genus
Phyllostachys are attractive, large, evergreen bamboos with running rhizomes, although in cool temperate climates may initially behave like clump-forming genera. Canes grooved on alternate sides between the nodes, with usually two leafy branches at each node","Plant range
China","Foliage
Evergreen","Habit
Suckering",H5,"Full Sun
Partial Shade","Aspect
South-facing or West-facing","Exposure
Sheltered",Loam,"Moisture
Moist but well-drained","pH
Acid, Alkaline, Neutral","Ultimate height
4-8 metres","Ultimate spread
2.5-4 metres","Time to ultimate height
5-10 years","Cultivation
Grow in fertile, humus-rich, moist but well-drained soil, in full sun or partial shade. Protect from cold drying winds. In a container grow in a loam-based compost and feed with a balanced liquid fertiliser on a monthly basis during the growing season. Should remain as a large thicket but may become invasive in warm, moist or favourable conditions; see bamboo control and bamboo cultivation","Propagation
Propagate by division in spring","Suggested planting locations and garden types
Hedging & Screens Architectural Patio & Container Plants","Pruning
Remove weak, dead, damaged or spindly stems in spring and thin to show off stems to best effect. Cut out any flowering shoots promptly to discourage more from forming - see bamboo cultivation","Pests
Slugs may damage new shoots","Diseases
Generally disease free","['https://www.rhs.org.uk/assets/styles/images/bg/form-icon-foliage-green.png', 'https://www.rhs.org.uk/assets/styles/images/bg/form-icon-stem-yellow.png']","['https://www.rhs.org.uk/assets/styles/images/bg/form-icon-foliage-green.png', 'https://www.rhs.org.uk/assets/styles/images/bg/form-icon-stem-yellow.png']","['https://www.rhs.org.uk/assets/styles/images/bg/form-icon-foliage-green.png', 'https://www.rhs.org.uk/assets/styles/images/bg/form-icon-stem-yellow.png']","['https://www.rhs.org.uk/assets/styles/images/bg/form-icon-foliage-green.png', 'https://www.rhs.org.uk/assets/styles/images/bg/form-icon-stem-yellow.png']"
30,Nerine humilis,low-growing nerine,,"Family
Amaryllidaceae","Genus
Nerine are summer-dormant, perennial bulbs with erect leafless stems each bearing a terminal umbel of funnel-shaped flowers in autumn, and strap-shaped or linear leaves appearing after the flowers","Plant range
South Africa (Cape)","Foliage
Deciduous","Habit
Tufted","Toxicity
May cause mild stomach upset if eaten. Wear gloves and wash hands after handling",Full Sun,"Aspect
East-facing or South-facing or West-facing","Exposure
Sheltered","Chalk
Clay
Loam
Sand","Moisture
Moist but well-drained, Well-drained","pH
Acid, Alkaline, Neutral","Ultimate height
0.1-0.5 metres","Ultimate spread
0.1-0.5 metres","Time to ultimate height
2-5 years","Cultivation
Grow in pots of loam-based potting compost, planting in spring or autumn, so the bulb tips are above the compost surface; they flower best when congested. Provide full light, water freely when in active growth, give a low nitrogen feed after flowering, then keep warm and dry when dormant in summer. See also nerine cultivation","Propagation
Propagate by seed, sown with moderate heat as soon as ripe or by division after flowering","Suggested planting locations and garden types
Patio & Container Plants Mediterranean Climate Plants","Pruning
Deadhead after flowering","Pests
Generally problem free","Diseases
Generally disease free","['https://www.rhs.org.uk/assets/styles/images/bg/form-icon-foliage-green.png', 'https://www.rhs.org.uk/assets/styles/images/bg/form-icon-flower-pink.png']",[],[],[]
31,Schefflera elegantissima,false aralia,,"Family
Araliaceae","Genus
Schefflera can be evergreen shrubs, trees or climbers with long-stalked palmately divided leaves and, on mature plants only, panicles or racemes of small flowers followed by spherical fleshy fruits","Plant range
New Caledonia","Foliage
Evergreen","Habit
Bushy","Toxicity
Contact may cause skin allergies. Wear gloves and other protective equipment when handling","Full Shade
Partial Shade","Aspect
South-facing or East-facing","Exposure
Sheltered","Chalk
Loam
Sand","Moisture
Moist but well-drained","pH
Acid, Alkaline, Neutral","Ultimate height
2.5-4 metres","Ultimate spread
1.5-2.5 metres","Time to ultimate height
10-20 years","Cultivation
Grow under glass in loam-based compost in bright filtered or indirect sunlight. Grow outdoors in fertile, humus-rich moist but well-drained soil in sheltered frost-free area","Propagation
Propagate by seed or semi-hardwood cuttings","Suggested planting locations and garden types
Patio & Container Plants","Pruning
Pruning group 1","Pests
May be attacked by scale insects, thrips, and mealybugs under glass","Diseases
Generally disease free","['https://www.rhs.org.uk/assets/styles/images/bg/form-icon-flower-green.png', 'https://www.rhs.org.uk/assets/styles/images/bg/form-icon-flower-yellow.png']",['https://www.rhs.org.uk/assets/styles/images/bg/form-icon-foliage-green.png'],['https://www.rhs.org.uk/assets/styles/images/bg/form-icon-foliage-green.png'],"['https://www.rhs.org.uk/assets/styles/images/bg/form-icon-fruit-black.png', 'https://www.rhs.org.uk/assets/styles/images/bg/form-icon-foliage-green.png']"
32,Achillea grandifolia Friv.,large-leaved yarrow,,"Family
Asteraceae","Genus
Achillea can be mat-forming or upright perennials, mostly herbaceous, with sometimes aromatic, pinnately divided or simple and toothed leaves and flattened clusters of small, daisy-like flower-heads","Plant range
S & C Balkans","Foliage
Deciduous","Habit
Clump-forming","Fragrance
Foliage",Full Sun,"Aspect
West-facing or South-facing or East-facing","Exposure
Exposed or Sheltered","Chalk
Clay
Loam
Sand","Moisture
Moist but well-drained","pH
Acid, Alkaline, Neutral","Ultimate height
0.5-1 metres","Ultimate spread
0.5-1 metres","Time to ultimate height
2-5 years","Cultivation
Grow in moist but well-drained soil in full sun or dappled shade in an open position","Propagation
Propagate by seed, sown in its final position, or by division in spring","Suggested planting locations and garden types
Cut Flowers Flower borders and beds Prairie Planting City & Courtyard Gardens Coastal Cottage & Informal Garden Wildlife Gardens","Pruning
No pruning required, but deadheading will prolong the flowering season","Pests
Generally pest-free but may be affected by aphids","Diseases
Generally disease-free but may be affected by powdery mildews","['https://www.rhs.org.uk/assets/styles/images/bg/form-icon-foliage-green.png', 'https://www.rhs.org.uk/assets/styles/images/bg/form-icon-foliage-grey.png', 'https://www.rhs.org.uk/assets/styles/images/bg/form-icon-foliage-silver.png']","['https://www.rhs.org.uk/assets/styles/images/bg/form-icon-foliage-green.png', 'https://www.rhs.org.uk/assets/styles/images/bg/form-icon-foliage-grey.png', 'https://www.rhs.org.uk/assets/styles/images/bg/form-icon-foliage-silver.png']","['https://www.rhs.org.uk/assets/styles/images/bg/form-icon-foliage-green.png', 'https://www.rhs.org.uk/assets/styles/images/bg/form-icon-foliage-grey.png', 'https://www.rhs.org.uk/assets/styles/images/bg/form-icon-foliage-silver.png', 'https://www.rhs.org.uk/assets/styles/images/bg/form-icon-flower-white.png']",[]
33,Asperula sintenisii,Sintenis woodruff,,"Family
Rubiaceae","Genus
Asperula can be annuals, evergreen or deciduous perennials, with small, paired or whorled leaves and terminal clusters of small, funnel-shaped flowers in spring or summer","Plant range
Turkey","Foliage
Evergreen","Habit
Mat forming",H4,"Full Sun
Partial Shade","Aspect
North-facing or East-facing or South-facing or West-facing","Exposure
Exposed or Sheltered","Chalk
Loam
Sand","Moisture
Moist but well-drained, Well-drained","pH
Acid, Alkaline, Neutral","Ultimate height
Up to 10 cm","Ultimate spread
0.1-0.5 metres","Time to ultimate height
5-10 years","Cultivation
Grow in sharply-drained moderately fertile soil in sun or partial shade. Protect from excess winter wet","Propagation
Propagate by seed sown in autumn or by division in autumn or spring","Suggested planting locations and garden types
Garden Edging Cottage & Informal Garden Patio & Container Plants Rock Garden City & Courtyard Gardens Gravel Garden","Pruning
No pruning required","Pests
Generally pest free","Diseases
Generally disease free",['https://www.rhs.org.uk/assets/styles/images/bg/form-icon-foliage-green.png'],['https://www.rhs.org.uk/assets/styles/images/bg/form-icon-foliage-green.png'],"['https://www.rhs.org.uk/assets/styles/images/bg/form-icon-foliage-green.png', 'https://www.rhs.org.uk/assets/styles/images/bg/form-icon-flower-pink.png']",['https://www.rhs.org.uk/assets/styles/images/bg/form-icon-foliage-green.png']
34,Lampranthus brownii,Brown's shining flower,,"Family
Aizoaceae","Genus
Lampranthus are succulents with unusually bright and colourful flowers which are plentiful, appearing between June and August. Flower colours vary from reds, oranges, pinks and purples and can sometimes be bi-coloured. Leaves are long, smooth and elongated and can be triangular or circular in nature.","Plant range
South Africa","Foliage
Evergreen","Habit
Mat forming",H2,Full Sun,"Aspect
West-facing or South-facing","Exposure
Exposed or Sheltered","Chalk
Loam
Sand","Moisture
Well-drained","pH
Acid, Alkaline, Neutral","Ultimate height
0.1-0.5 metres","Ultimate spread
0.1-0.5 metres","Time to ultimate height
2-5 years","Cultivation
Requires full sun and a well drained soil","Propagation
Propagate by seed or stem cuttings","Suggested planting locations and garden types
Banks and Slopes Low Maintenance Gravel Garden Rock Garden Coastal Patio & Container Plants","Pruning
None required","Pests
Generally trouble free","Diseases
Generally trouble free","['https://www.rhs.org.uk/assets/styles/images/bg/form-icon-foliage-green.png', 'https://www.rhs.org.uk/assets/styles/images/bg/form-icon-foliage-grey.png', 'https://www.rhs.org.uk/assets/styles/images/bg/form-icon-foliage-silver.png']","['https://www.rhs.org.uk/assets/styles/images/bg/form-icon-foliage-green.png', 'https://www.rhs.org.uk/assets/styles/images/bg/form-icon-foliage-grey.png', 'https://www.rhs.org.uk/assets/styles/images/bg/form-icon-foliage-silver.png']","['https://www.rhs.org.uk/assets/styles/images/bg/form-icon-foliage-green.png', 'https://www.rhs.org.uk/assets/styles/images/bg/form-icon-foliage-grey.png', 'https://www.rhs.org.uk/assets/styles/images/bg/form-icon-flower-orange.png', 'https://www.rhs.org.uk/assets/styles/images/bg/form-icon-foliage-silver.png']","['https://www.rhs.org.uk/assets/styles/images/bg/form-icon-foliage-green.png', 'https://www.rhs.org.uk/assets/styles/images/bg/form-icon-foliage-grey.png', 'https://www.rhs.org.uk/assets/styles/images/bg/form-icon-foliage-silver.png']"
35,Woodwardia orientalis var. formosana,Taiwanese oriental chain fern,,"Family
Blechnaceae","Genus
Woodwardia are robust rhizomatous ferns with deciduous or evergreen, pinnate to bipinnate fronds, bearing spores in chain-like lines on the undersides","Plant range
China, Japan, Taiwan","Foliage
Evergreen","Habit
Bushy",H3,Partial Shade,"Aspect
East-facing or North-facing","Exposure
Sheltered","Clay
Loam","Moisture
Moist but well-drained","pH
Acid, Neutral","Ultimate height
1-1.5 metres","Ultimate spread
2.5-4 metres","Time to ultimate height
2-5 years","Cultivation
Grow in neutral, moderately fertile, damp soil in partial shade; in frost prone areas shelter from cold, drying winds and protect in winter with a dry mulch","Propagation
Propagate by spores; sow spores at 16°C in late summer or early autumn. Remove plantlets in autumn or divide in spring","Suggested planting locations and garden types
Banks and Slopes Flower borders and beds Architectural City & Courtyard Gardens Patio & Container Plants Cottage & Informal Garden","Pruning
Cut down old fronds when they deteriorate","Pests
Generally trouble free","Diseases
Generally trouble free",['https://www.rhs.org.uk/assets/styles/images/bg/form-icon-foliage-green.png'],"['https://www.rhs.org.uk/assets/styles/images/bg/form-icon-foliage-green.png', 'https://www.rhs.org.uk/assets/styles/images/bg/form-icon-foliage-orange.png', 'https://www.rhs.org.uk/assets/styles/images/bg/form-icon-foliage-red.png']",['https://www.rhs.org.uk/assets/styles/images/bg/form-icon-foliage-green.png'],['https://www.rhs.org.uk/assets/styles/images/bg/form-icon-foliage-green.png']
36,Lyonothamnus floribundus subsp. aspleniifolius,Catalina ironwood,,"Family
Rosaceae","Genus
Lyonothamnus are evergreen trees with attractive bark, thick, glossy leaves and large clusters of small, five-petaled flowers","Plant range
USA","Foliage
Evergreen","Habit
Bushy",H4,"Full Sun
Partial Shade","Aspect
South-facing or East-facing or West-facing","Exposure
Sheltered","Clay
Loam
Sand","Moisture
Moist but well-drained","pH
Acid, Alkaline, Neutral","Ultimate height
8-12 metres","Ultimate spread
4-8 metres","Time to ultimate height
20-50 years","Cultivation
Grow in fertile, moist but well-drained soil in full sun or light shade. Shelter from cold, drying winds","Propagation
Propagate by seed sown in containers outdoors in autumn, or take greenwood cuttings in summer","Suggested planting locations and garden types
Low Maintenance Wall-side Borders Mediterranean Climate Plants Architectural City & Courtyard Gardens","Pruning
Pruning group 1","Pests
Generally trouble free","Diseases
Generally trouble free","['https://www.rhs.org.uk/assets/styles/images/bg/form-icon-stem-brown.png', 'https://www.rhs.org.uk/assets/styles/images/bg/form-icon-foliage-green.png', 'https://www.rhs.org.uk/assets/styles/images/bg/form-icon-stem-red.png']","['https://www.rhs.org.uk/assets/styles/images/bg/form-icon-stem-brown.png', 'https://www.rhs.org.uk/assets/styles/images/bg/form-icon-foliage-green.png', 'https://www.rhs.org.uk/assets/styles/images/bg/form-icon-stem-red.png', 'https://www.rhs.org.uk/assets/styles/images/bg/form-icon-flower-white.png']","['https://www.rhs.org.uk/assets/styles/images/bg/form-icon-stem-brown.png', 'https://www.rhs.org.uk/assets/styles/images/bg/form-icon-foliage-green.png', 'https://www.rhs.org.uk/assets/styles/images/bg/form-icon-stem-red.png', 'https://www.rhs.org.uk/assets/styles/images/bg/form-icon-flower-white.png']","['https://www.rhs.org.uk/assets/styles/images/bg/form-icon-stem-brown.png', 'https://www.rhs.org.uk/assets/styles/images/bg/form-icon-foliage-green.png', 'https://www.rhs.org.uk/assets/styles/images/bg/form-icon-stem-red.png']"
37,Ceratophyllum demersum,hornwort,,"Family
Ceratophyllaceae","Genus
Ceratophyllum are submerged aquatic perennials with whorled, linear leaves more crowded near the stem apex, and tiny insignificant flowers in the leaf axils in summer","Plant range
EC Eur. to Afr.","Foliage
Deciduous","Habit
Submerged",H4,"Full Shade
Full Sun
Partial Shade","Aspect
West-facing or South-facing or North-facing or East-facing","Exposure
Exposed or Sheltered","Clay
Loam","Moisture
Poorly-drained","pH
Acid, Alkaline, Neutral","Ultimate height
Up to 10 cm","Ultimate spread
1-1.5 metres","Time to ultimate height
5-10 years","Cultivation
Grow in water 30-90cm deep in full sun to shade. Plants float freely. Plants die back in winter but modified stem buds, turions, overwinter in bottom mud and re-grow in spring","Propagation
Propagate by stem cuttings and allow to float in water","Suggested planting locations and garden types
Low Maintenance","Pruning
No pruning required","Pests
Generally pest free","Diseases
Generally disease free",['https://www.rhs.org.uk/assets/styles/images/bg/form-icon-foliage-green.png'],['https://www.rhs.org.uk/assets/styles/images/bg/form-icon-foliage-green.png'],"['https://www.rhs.org.uk/assets/styles/images/bg/form-icon-foliage-green.png', 'https://www.rhs.org.uk/assets/styles/images/bg/form-icon-flower-white.png']",[]
38,Tillandsia albida,white air plant,,"Family
Bromeliaceae","Genus
Tillandsia are evergreen perennials, often epiphytic, forming rosettes of leathery, linear or strap-shaped leaves, and tubular or funnel-shaped flowers which may be 2-ranked in spikes with conspicuous bracts, or solitary and inconspicuous","Plant range
Mexico","Foliage
Evergreen","Habit
Clump-forming",H1C,Partial Shade,"Aspect
West-facing or East-facing","Exposure
Sheltered",,Moisture,pH,"Ultimate height
0.1-0.5 metres","Ultimate spread
0.1-0.5 metres","Time to ultimate height
5-10 years","Cultivation
Plants need no compost, they are wired or glued to a support. Grow under glass in bright but diffused light with good ventilation. From spring to autumn immerse in rainwater twice a week (more in hot, dry conditions), drain well and allow to dry. Can stand outdoors in summer to benefit from rain and increased light and humidity. See Air plants","Propagation
Propagate from seed (see Air plants) or remove offsets once they are at least a third the size of the parent plant","Suggested planting locations and garden types
Patio & Container Plants Sub-tropical","Pruning
Remove rosettes that have died after flowering","Pests
May be affected by aphids and mealybugs","Diseases
Generally trouble free","['https://www.rhs.org.uk/assets/styles/images/bg/form-icon-foliage-grey.png', 'https://www.rhs.org.uk/assets/styles/images/bg/form-icon-foliage-silver.png', 'https://www.rhs.org.uk/assets/styles/images/bg/form-icon-foliage-white.png']","['https://www.rhs.org.uk/assets/styles/images/bg/form-icon-foliage-grey.png', 'https://www.rhs.org.uk/assets/styles/images/bg/form-icon-foliage-silver.png', 'https://www.rhs.org.uk/assets/styles/images/bg/form-icon-foliage-white.png']","['https://www.rhs.org.uk/assets/styles/images/bg/form-icon-flower-cream.png', 'https://www.rhs.org.uk/assets/styles/images/bg/form-icon-foliage-grey.png', 'https://www.rhs.org.uk/assets/styles/images/bg/form-icon-foliage-silver.png', 'https://www.rhs.org.uk/assets/styles/images/bg/form-icon-foliage-white.png']","['https://www.rhs.org.uk/assets/styles/images/bg/form-icon-foliage-grey.png', 'https://www.rhs.org.uk/assets/styles/images/bg/form-icon-foliage-silver.png', 'https://www.rhs.org.uk/assets/styles/images/bg/form-icon-foliage-white.png']"
39,Nicandra physalodes,apple of Peru,,"Family
Solanaceae","Genus
Nicandra is a monotypic genus in the potato family, Solanaceae","Plant range
Peru","Foliage
Deciduous","Habit
Bushy",H5,"Full Sun
Partial Shade","Aspect
South-facing or West-facing or East-facing","Exposure
Exposed or Sheltered","Chalk
Loam
Sand","Moisture
Moist but well-drained, Well-drained","pH
Acid, Alkaline, Neutral","Ultimate height
1-1.5 metres","Ultimate spread
0.5-1 metres","Time to ultimate height
1 year","Cultivation
Grow in fertile, moist but well-drained soil in full sun or light shade. Flowers are short-lived but the fruit is encased in ornamental lantern-like calyces","Propagation
Propagate by seed at 15°C (59°F) in early spring or in situ in mid-spring; self-seeds freely","Suggested planting locations and garden types
Flower borders and beds Coastal Mediterranean Climate Plants Cottage & Informal Garden Wildflower meadow","Pruning
No pruning required; ideal for dried flower arranging","Pests
Generally trouble free","Diseases
Generally trouble free","['https://www.rhs.org.uk/assets/styles/images/bg/form-icon-flower-blue.png', 'https://www.rhs.org.uk/assets/styles/images/bg/form-icon-fruit-brown.png', 'https://www.rhs.org.uk/assets/styles/images/bg/form-icon-foliage-green.png', 'https://www.rhs.org.uk/assets/styles/images/bg/form-icon-flower-purple.png']","['https://www.rhs.org.uk/assets/styles/images/bg/form-icon-foliage-green.png', 'https://www.rhs.org.uk/assets/styles/images/bg/form-icon-stem-purple.png']","['https://www.rhs.org.uk/assets/styles/images/bg/form-icon-flower-blue.png', 'https://www.rhs.org.uk/assets/styles/images/bg/form-icon-foliage-green.png', 'https://www.rhs.org.uk/assets/styles/images/bg/form-icon-flower-purple.png']",[]
40,Strobilanthes dyeriana,Persian shield,,"Family
Acanthaceae","Genus
Strobilanthes can be evergreen or herbaceous perennials or subshrubs with simple, opposite leaves and spikes, cone-like clusters or loose panicles of tubular or funnel-shaped flowers","Plant range
Myanmar","Foliage
Evergreen","Habit
Bushy",H1B,"Full Sun
Partial Shade","Aspect
East-facing or South-facing","Exposure
Sheltered","Loam
Sand","Moisture
Well-drained","pH
Acid, Alkaline, Neutral","Ultimate height
0.5-1 metres","Ultimate spread
0.5-1 metres","Time to ultimate height
5-10 years","Cultivation
Grow under glass in loam-based compost in full light with shade from hot sun. Grow outdoors in light free draining soil in full sun to partial shade in a frost-free area. Pinch out young growth to encourage bushiness","Propagation
Propagate by seed or softwood cuttings","Suggested planting locations and garden types
Low Maintenance Wall-side Borders","Pruning
Pruning group 9","Pests
May be attacked by glasshouse red spider mite","Diseases
Generally disease free","['https://www.rhs.org.uk/assets/styles/images/bg/form-icon-flower-blue.png', 'https://www.rhs.org.uk/assets/styles/images/bg/form-icon-foliage-green.png', 'https://www.rhs.org.uk/assets/styles/images/bg/form-icon-foliage-grey.png', 'https://www.rhs.org.uk/assets/styles/images/bg/form-icon-foliage-purple.png', 'https://www.rhs.org.uk/assets/styles/images/bg/form-icon-foliage-silver.png']","['https://www.rhs.org.uk/assets/styles/images/bg/form-icon-foliage-green.png', 'https://www.rhs.org.uk/assets/styles/images/bg/form-icon-foliage-grey.png', 'https://www.rhs.org.uk/assets/styles/images/bg/form-icon-foliage-purple.png', 'https://www.rhs.org.uk/assets/styles/images/bg/form-icon-foliage-silver.png']","['https://www.rhs.org.uk/assets/styles/images/bg/form-icon-foliage-green.png', 'https://www.rhs.org.uk/assets/styles/images/bg/form-icon-foliage-grey.png', 'https://www.rhs.org.uk/assets/styles/images/bg/form-icon-foliage-purple.png', 'https://www.rhs.org.uk/assets/styles/images/bg/form-icon-foliage-silver.png']","['https://www.rhs.org.uk/assets/styles/images/bg/form-icon-foliage-green.png', 'https://www.rhs.org.uk/assets/styles/images/bg/form-icon-foliage-grey.png', 'https://www.rhs.org.uk/assets/styles/images/bg/form-icon-foliage-purple.png', 'https://www.rhs.org.uk/assets/styles/images/bg/form-icon-foliage-silver.png']"
41,Aconitum lycoctonum subsp. neapolitanum,Neapolitan wolf's bane,,"Family
Ranunculaceae","Genus
Aconitum can be herbaceous perennials or biennials with lobed leaves and racemes or panicles of showy, hooded flowers","Plant range
S Europe","Foliage
Deciduous","Habit
Columnar/Upright","Toxicity
All parts are highly toxic if eaten, all parts may be harmful through skin contact. Wear gloves and other protective equipment when handling","Full Sun
Partial Shade","Aspect
West-facing or East-facing or South-facing","Exposure
Exposed or Sheltered","Chalk
Clay
Loam
Sand","Moisture
Moist but well-drained","pH
Acid, Alkaline, Neutral","Ultimate height
1-1.5 metres","Ultimate spread
0.1-0.5 metres","Time to ultimate height
2-5 years","Cultivation
Prefers cool moist fertile soil in partial shade, but will tolerate most soils and full sun","Propagation
Propagate by division in autumn or late winter to maintain vigour but plants may be slow to re-establish. Use protective gloves when handling any part of the plant","Suggested planting locations and garden types
Flower borders and beds Cottage & Informal Garden","Pruning
Cut back old flowering stems after flowering","Pests
Susceptible to aphids","Diseases
Can be susceptible to Verticillium wilt",['https://www.rhs.org.uk/assets/styles/images/bg/form-icon-foliage-green.png'],['https://www.rhs.org.uk/assets/styles/images/bg/form-icon-foliage-green.png'],"['https://www.rhs.org.uk/assets/styles/images/bg/form-icon-foliage-green.png', 'https://www.rhs.org.uk/assets/styles/images/bg/form-icon-flower-yellow.png']",[]
42,Lathyrus sativus,Indian pea,,"Family
Fabaceae","Genus
Lathyrus can be annuals or herbaceous or evergreen perennials, mostly climbing, with pinnate leaves ending in a tendril, and showy pea-like flowers, fragrant in some species","Plant range
Europe","Foliage
Deciduous","Habit
Climbing","Toxicity
The seeds contain a toxic amino acid, which in large quantities may cause a potentially fatal disease called lathyrism, but they are edible if they are soaked overnight in lime water and then boiled. Wear gloves and wash hands after handling",Full Sun,"Aspect
South-facing or East-facing or West-facing","Exposure
Exposed or Sheltered","Chalk
Clay
Loam
Sand","Moisture
Moist but well-drained","pH
Acid, Alkaline, Neutral","Ultimate height
1-1.5 metres","Ultimate spread
0.1-0.5 metres","Time to ultimate height
1-2 years","Cultivation
Grow in full sun in moist but well-drained soil, and provide support or grow next to shrubs over which it can scramble. See sweetpea cultivation for further information.","Propagation
Propagate by seed, soaked for 24 hours before sowing, and sow directly in spring, 2.5cm deep, or sow in containers under cover in autumn or winter and then plant out in spring","Suggested planting locations and garden types
Banks and Slopes Flower borders and beds Hedging & Screens Wall-side Borders City & Courtyard Gardens Cottage & Informal Garden Patio & Container Plants","Pruning
No pruning required, but deadheading before seeds have formed will prolong the flowering season","Pests
Generally pest-free but may be affected by aphids, slugs, snails and thrips","Diseases
Generally disease-free",['https://www.rhs.org.uk/assets/styles/images/bg/form-icon-foliage-green.png'],"['https://www.rhs.org.uk/assets/styles/images/bg/form-icon-flower-blue.png', 'https://www.rhs.org.uk/assets/styles/images/bg/form-icon-foliage-green.png', 'https://www.rhs.org.uk/assets/styles/images/bg/form-icon-flower-pink.png', 'https://www.rhs.org.uk/assets/styles/images/bg/form-icon-flower-white.png']","['https://www.rhs.org.uk/assets/styles/images/bg/form-icon-flower-blue.png', 'https://www.rhs.org.uk/assets/styles/images/bg/form-icon-foliage-green.png', 'https://www.rhs.org.uk/assets/styles/images/bg/form-icon-flower-pink.png', 'https://www.rhs.org.uk/assets/styles/images/bg/form-icon-flower-white.png']",[]
43,Convallaria majalis var. rosea,rosy lily of the valley,,"Family
Asparagaceae","Genus
Convallaria are rhizomatous perennials with elliptic to narrowly ovate leaves and arching racemes of small, highly fragrant, bell-shaped flowers followed by red berries","Plant range
C & E Europe","Foliage
Deciduous","Habit
Mat forming","Fragrance
Flower","Full Shade
Partial Shade","Aspect
North-facing or East-facing or West-facing","Exposure
Sheltered","Clay
Loam","Moisture
Moist but well-drained","pH
Acid, Alkaline, Neutral","Ultimate height
0.1-0.5 metres","Ultimate spread
0.1-0.5 metres","Time to ultimate height
2-5 years","Cultivation
Grow in a fertile, humus-rich moist soil, preferably slightly alkaline, in full or partial shade. Top dress with leaf mould in autumn","Propagation
Propagate by division in autumn","Suggested planting locations and garden types
Ground Cover Low Maintenance Underplanting of Roses and Shrubs Cottage & Informal Garden","Pruning
No pruning required","Pests
Generally pest free","Diseases
May be affected by grey moulds and a leaf spot",['https://www.rhs.org.uk/assets/styles/images/bg/form-icon-foliage-green.png'],"['https://www.rhs.org.uk/assets/styles/images/bg/form-icon-foliage-green.png', 'https://www.rhs.org.uk/assets/styles/images/bg/form-icon-flower-pink.png', 'https://www.rhs.org.uk/assets/styles/images/bg/form-icon-flower-purple.png']","['https://www.rhs.org.uk/assets/styles/images/bg/form-icon-foliage-green.png', 'https://www.rhs.org.uk/assets/styles/images/bg/form-icon-fruit-red.png']",[]
44,Dryopteris crassirhizoma,thick-stemmed wood fern,,"Family
Dryopteridaceae","Genus
Dryopteris can be deciduous, semi-evergreen or evergreen ferns, with stout, erect or decumbent rhizomes and shuttlecock-like rosettes of lance-shaped to ovate, pinnately divided fronds","Plant range
Japan Korea","Foliage
Semi-evergreen","Habit
Bushy",H6,"Full Shade
Partial Shade","Aspect
North-facing or West-facing or East-facing or South-facing","Exposure
Exposed or Sheltered","Chalk
Clay
Loam
Sand","Moisture
Moist but well-drained, Poorly-drained","pH
Acid, Alkaline, Neutral","Ultimate height
0.5-1 metres","Ultimate spread
0.5-1 metres","Time to ultimate height
5-10 years","Cultivation
Easy to grow in most cool, moist, lightly-shaded sites but will grow in full sun if given plenty of moisture. Tolerant of dry shade but water regularly in their first season and mulch well","Propagation
Propagate by division in spring","Suggested planting locations and garden types
Underplanting of Roses and Shrubs Flower borders and beds City & Courtyard Gardens Architectural Cottage & Informal Garden","Pruning
Dead or damaged fronds may be removed as necessary","Pests
Generally trouble free","Diseases
Generally trouble free",[],[],[],[]
45,Thymus pulegioides,large thyme,,"Family
Lamiaceae","Genus
Thymus are evergreen woody-based perennials, shrub or sub-shrubs with small aromatic leaves and terminal whorls of small, 2-lipped, tubular, purple, pink or white flowers in late spring or summer","Plant range
Europe to NW China","Foliage
Evergreen","Habit
Mat forming","Fragrance
Foliage",Full Sun,"Aspect
West-facing or South-facing or East-facing","Exposure
Exposed or Sheltered","Chalk
Loam
Sand","Moisture
Moist but well-drained, Well-drained","pH
Alkaline, Neutral","Ultimate height
0.1-0.5 metres","Ultimate spread
0.1-0.5 metres","Time to ultimate height
5-10 years","Cultivation
Easy to grow in most well-drained, alkaline to neutral soils in full sun","Propagation
Propagate by division in spring. Semi-hardwood cuttings may be taken in mid- to late-summer although some bottom heat may be required","Suggested planting locations and garden types
Drought Resistant Low Maintenance Cottage & Informal Garden Gravel Garden Patio & Container Plants Rock Garden","Pruning
Pruning group 10","Pests
Generally trouble free","Diseases
Generally trouble free",['https://www.rhs.org.uk/assets/styles/images/bg/form-icon-foliage-green.png'],['https://www.rhs.org.uk/assets/styles/images/bg/form-icon-foliage-green.png'],"['https://www.rhs.org.uk/assets/styles/images/bg/form-icon-foliage-green.png', 'https://www.rhs.org.uk/assets/styles/images/bg/form-icon-flower-pink.png']",['https://www.rhs.org.uk/assets/styles/images/bg/form-icon-foliage-green.png']
46,Hyacinthoides italica,Italian bluebell,,"Family
Asparagaceae","Genus
Hyacinthoides are bulbous perennials with linear to strap-shaped leaves and bell-shaped or star-shaped blue, violet or white flowers in spring","Plant range
SE France, NE Italy","Foliage
Deciduous","Habit
Bushy","Toxicity
Ingestion may cause severe discomfort. Wear gloves and wash hands after handling",Partial Shade,"Aspect
North-facing or West-facing or South-facing or East-facing","Exposure
Exposed or Sheltered","Chalk
Clay
Loam
Sand","Moisture
Moist but well-drained, Well-drained","pH
Acid, Alkaline, Neutral","Ultimate height
0.1-0.5 metres","Ultimate spread
0-0.1 metre","Time to ultimate height
2-5 years","Cultivation
Plant 8cm deep in autumn in moderately fertile, humus-rich, well-drained soil that does not dry out","Propagation
Propagate by seed, sown in pots in a cold frame when ripe, keep shaded and do not allow to dry out. Alternatively remove offsets in summer","Suggested planting locations and garden types
Flower borders and beds Cottage & Informal Garden City & Courtyard Gardens Coastal Gravel Garden Patio & Container Plants Rock Garden","Pruning
No pruning required","Pests
Generally pest free","Diseases
Generally disease free","['https://www.rhs.org.uk/assets/styles/images/bg/form-icon-flower-blue.png', 'https://www.rhs.org.uk/assets/styles/images/bg/form-icon-foliage-green.png']",['https://www.rhs.org.uk/assets/styles/images/bg/form-icon-foliage-green.png'],[],[]
47,Uvularia grandiflora var. pallida,greenish bellwort,,"Family
Colchicaceae","Genus
Uvularia are rhizomatous herbaceous perennials with arching stems bearing alternate, ovate leaves and nodding, narrowly bell-shaped yellow flowers","Plant range
E North America","Foliage
Deciduous","Habit
Clump-forming",H7,"Full Shade
Partial Shade","Aspect
West-facing or East-facing or North-facing","Exposure
Sheltered","Chalk
Loam
Sand","Moisture
Moist but well-drained","pH
Acid, Neutral","Ultimate height
0.5-1 metres","Ultimate spread
0.1-0.5 metres","Time to ultimate height
2-5 years","Cultivation
Grow in fertile, humus-rich, moist but well-drained soil in deep or partial shade","Propagation
Propagate by seed in pots in a cold frame as soon as seed is ripe or by division in early spring","Suggested planting locations and garden types
Flower borders and beds Underplanting of Roses and Shrubs Cottage & Informal Garden","Pruning
No pruning required","Pests
Slugs and snails may be a problem","Diseases
Generally disease free","['https://www.rhs.org.uk/assets/styles/images/bg/form-icon-foliage-green.png', 'https://www.rhs.org.uk/assets/styles/images/bg/form-icon-flower-yellow.png']",['https://www.rhs.org.uk/assets/styles/images/bg/form-icon-foliage-green.png'],[],[]
48,Tillandsia tectorum,roof air plant,,"Family
Bromeliaceae","Genus
Tillandsia are evergreen perennials, often epiphytic, forming rosettes of leathery, linear or strap-shaped leaves, and tubular or funnel-shaped flowers which may be 2-ranked in spikes with conspicuous bracts, or solitary and inconspicuous","Plant range
N & C Peru","Foliage
Evergreen","Habit
Clump-forming",H1C,Partial Shade,"Aspect
West-facing or East-facing","Exposure
Sheltered",,Moisture,pH,"Ultimate height
0.1-0.5 metres","Ultimate spread
0.1-0.5 metres","Time to ultimate height
5-10 years","Cultivation
Plants need no compost; they are glued or wired to a support. Grow under glass in bright but diffused light with good ventilation. From spring to autumn immerse in rainwater twice a week (more in hot, dry conditions), drain well and allow to dry. Can stand outside in summer to benefit from light, rain and humidity. See Air plants for more","Propagation
Propagate from seed (see Air plants) or by separating offsets once they are at least a third the size of the parent","Suggested planting locations and garden types
Patio & Container Plants Sub-tropical","Pruning
Remove individual rosettes that have died after flowering","Pests
May be affected by aphids and mealybugs","Diseases
Generally trouble free","['https://www.rhs.org.uk/assets/styles/images/bg/form-icon-foliage-grey.png', 'https://www.rhs.org.uk/assets/styles/images/bg/form-icon-foliage-silver.png', 'https://www.rhs.org.uk/assets/styles/images/bg/form-icon-foliage-white.png']","['https://www.rhs.org.uk/assets/styles/images/bg/form-icon-flower-blue.png', 'https://www.rhs.org.uk/assets/styles/images/bg/form-icon-foliage-grey.png', 'https://www.rhs.org.uk/assets/styles/images/bg/form-icon-flower-pink.png', 'https://www.rhs.org.uk/assets/styles/images/bg/form-icon-flower-purple.png', 'https://www.rhs.org.uk/assets/styles/images/bg/form-icon-foliage-silver.png', 'https://www.rhs.org.uk/assets/styles/images/bg/form-icon-foliage-white.png']","['https://www.rhs.org.uk/assets/styles/images/bg/form-icon-flower-blue.png', 'https://www.rhs.org.uk/assets/styles/images/bg/form-icon-foliage-grey.png', 'https://www.rhs.org.uk/assets/styles/images/bg/form-icon-flower-pink.png', 'https://www.rhs.org.uk/assets/styles/images/bg/form-icon-flower-purple.png', 'https://www.rhs.org.uk/assets/styles/images/bg/form-icon-foliage-silver.png', 'https://www.rhs.org.uk/assets/styles/images/bg/form-icon-foliage-white.png']","['https://www.rhs.org.uk/assets/styles/images/bg/form-icon-foliage-grey.png', 'https://www.rhs.org.uk/assets/styles/images/bg/form-icon-foliage-silver.png', 'https://www.rhs.org.uk/assets/styles/images/bg/form-icon-foliage-white.png']"
